rawfile,codescripts/delete.gsx
rawfile,codescripts/struct.gsx
rawfile,maps/mp/gametypes/war.gsx
rawfile,maps/mp/gametypes/_globallogic.gsx
rawfile,maps/mp/_utility.gsx
rawfile,common_scripts/utility.gsx
rawfile,maps/mp/gametypes/_hud_util.gsx
rawfile,maps/mp/_createfx.gsx
rawfile,maps/mp/_createfxmenu.gsx
rawfile,maps/mp/_fx.gsx
rawfile,maps/mp/gametypes/_spawnlogic.gsx
rawfile,maps/mp/gametypes/_callbacksetup.gsx
rawfile,maps/mp/gametypes/_globallogic_utils.gsx
rawfile,maps/mp/gametypes/_tweakables.gsx
rawfile,promod/modes.gsx
rawfile,promod/comp.gsx
rawfile,promod_ruleset/custom_public.gsx
rawfile,kfc/mapvote.gsx
rawfile,maps/mp/gametypes/_class.gsx
rawfile,maps/mp/gametypes/_teams.gsx
rawfile,mptype/mptype_ally_cqb.gsx
rawfile,character/character_mp_usmc_specops.gsx
rawfile,mptype/mptype_ally_sniper.gsx
rawfile,character/character_mp_usmc_sniper.gsx
rawfile,mptype/mptype_ally_engineer.gsx
rawfile,character/character_mp_usmc_recon.gsx
rawfile,mptype/mptype_ally_rifleman.gsx
rawfile,character/character_mp_usmc_assault.gsx
rawfile,mptype/mptype_ally_support.gsx
rawfile,character/character_mp_usmc_support.gsx
rawfile,mptype/mptype_ally_urban_sniper.gsx
rawfile,character/character_mp_sas_urban_sniper.gsx
rawfile,mptype/mptype_ally_urban_support.gsx
rawfile,character/character_mp_sas_urban_support.gsx
rawfile,mptype/mptype_ally_urban_assault.gsx
rawfile,character/character_mp_sas_urban_assault.gsx
rawfile,mptype/mptype_ally_urban_recon.gsx
rawfile,character/character_mp_sas_urban_recon.gsx
rawfile,mptype/mptype_ally_urban_specops.gsx
rawfile,character/character_mp_sas_urban_specops.gsx
rawfile,mptype/mptype_ally_woodland_assault.gsx
rawfile,character/character_mp_usmc_woodland_assault.gsx
rawfile,mptype/mptype_ally_woodland_recon.gsx
rawfile,character/character_mp_usmc_woodland_recon.gsx
rawfile,mptype/mptype_ally_woodland_sniper.gsx
rawfile,character/character_mp_usmc_woodland_sniper.gsx
rawfile,mptype/mptype_ally_woodland_specops.gsx
rawfile,character/character_mp_usmc_woodland_specops.gsx
rawfile,mptype/mptype_ally_woodland_support.gsx
rawfile,character/character_mp_usmc_woodland_support.gsx
rawfile,mptype/mptype_axis_cqb.gsx
rawfile,character/character_mp_arab_regular_cqb.gsx
rawfile,mptype/mptype_axis_sniper.gsx
rawfile,character/character_mp_arab_regular_sniper.gsx
rawfile,mptype/mptype_axis_engineer.gsx
rawfile,character/character_mp_arab_regular_engineer.gsx
rawfile,mptype/mptype_axis_rifleman.gsx
rawfile,character/character_mp_arab_regular_assault.gsx
rawfile,mptype/mptype_axis_support.gsx
rawfile,character/character_mp_arab_regular_support.gsx
rawfile,mptype/mptype_axis_urban_sniper.gsx
rawfile,character/character_mp_opforce_urban_sniper.gsx
rawfile,mptype/mptype_axis_urban_support.gsx
rawfile,character/character_mp_opforce_urban_support.gsx
rawfile,mptype/mptype_axis_urban_assault.gsx
rawfile,character/character_mp_opforce_urban_assault.gsx
rawfile,mptype/mptype_axis_urban_engineer.gsx
rawfile,character/character_mp_opforce_urban_engineer.gsx
rawfile,mptype/mptype_axis_urban_cqb.gsx
rawfile,character/character_mp_opforce_urban_cqb.gsx
rawfile,mptype/mptype_axis_woodland_rifleman.gsx
rawfile,character/character_mp_opforce_assault.gsx
rawfile,mptype/mptype_axis_woodland_cqb.gsx
rawfile,character/character_mp_opforce_cqb.gsx
rawfile,mptype/mptype_axis_woodland_sniper.gsx
rawfile,character/character_mp_opforce_sniper.gsx
rawfile,mptype/mptype_axis_woodland_engineer.gsx
rawfile,character/character_mp_opforce_engineer.gsx
rawfile,mptype/mptype_axis_woodland_support.gsx
rawfile,character/character_mp_opforce_support.gsx
rawfile,maps/mp/gametypes/_hud_message.gsx
rawfile,maps/mp/_flashgrenades.gsx
rawfile,promod/shoutcast.gsx
rawfile,maps/mp/gametypes/_spectating.gsx
rawfile,maps/mp/gametypes/_promod.gsx
rawfile,maps/mp/gametypes/_weapons.gsx
rawfile,maps/mp/gametypes/_shellshock.gsx
rawfile,maps/mp/gametypes/_rank.gsx
rawfile,maps/mp/gametypes/_hud.gsx
rawfile,maps/mp/gametypes/_gameobjects.gsx
rawfile,maps/mp/gametypes/_objpoints.gsx
rawfile,promod/timeout.gsx
rawfile,promod/readyup.gsx
rawfile,promod/client.gsx
rawfile,maps/mp/gametypes/_quickmessages.gsx
rawfile,promod/strattime.gsx
rawfile,promod/stratmode.gsx
rawfile,promod/setvariables.gsx
rawfile,maps/mp/gametypes/_menus.gsx
rawfile,maps/mp/gametypes/_serversettings.gsx
rawfile,maps/mp/gametypes/_clientids.gsx
rawfile,maps/mp/gametypes/_scoreboard.gsx
rawfile,maps/mp/gametypes/_killcam.gsx
rawfile,maps/mp/gametypes/_damagefeedback.gsx
rawfile,maps/mp/gametypes/_healthoverlay.gsx
rawfile,promod/scorebot.gsx
rawfile,kfc/_finalkillcam.gsx
rawfile,promod/messagecenter.gsx
rawfile,kfc/main.gsx
rawfile,kfc/_flags.gsx
rawfile,kfc/_cmds.gsx
rawfile,maps/mp/mp_crash.gsx
rawfile,maps/mp/_load.gsx
rawfile,maps/mp/_minefields.gsx
rawfile,maps/mp/_destructables.gsx
rawfile,maps/mp/_destructible.gsx
rawfile,promod/dvarmon.gsx
rawfile,promod/servercheck.gsx
rawfile,maps/mp/_compass.gsx
